[
{
  "model": "accounts.user",
  "fields": {
    "password": "pbkdf2_sha256$1200000$4bOfZArMByuCZ3BQKLmjEN$vN1RCnm2gFhB4BupAXcczmwZIh2r/K0UCg4Odjwxtag=",
    "last_login": "2026-04-23T05:23:50.541Z",
    "is_superuser": true,
    "username": "admin",
    "first_name": "",
    "last_name": "",
    "is_staff": true,
    "date_joined": "2026-04-22T12:44:28.427Z",
    "email": "admin@gmail.com",
    "is_active": true,
    "created_at": "2026-04-22T12:44:29.622Z",
    "updated_at": "2026-04-22T12:44:29.623Z",
    "groups": [],
    "user_permissions": []
  }
},
{
  "model": "accounts.user",
  "fields": {
    "password": "pbkdf2_sha256$1200000$ELX6cKyJSUgzb09FhMlnRK$NIOUrUrKNo17jFsTDmXzm2tt6hl5Ag0h44YRlJyRWU4=",
    "last_login": null,
    "is_superuser": false,
    "username": "zaidliaqat",
    "first_name": "Sam",
    "last_name": "Winchester",
    "is_staff": false,
    "date_joined": "2026-04-22T14:05:31.216Z",
    "email": "zaidliaqat999@gmail.com",
    "is_active": true,
    "created_at": "2026-04-22T14:05:33.193Z",
    "updated_at": "2026-04-27T12:05:19.049Z",
    "groups": [],
    "user_permissions": []
  }
},
{
  "model": "accounts.user",
  "fields": {
    "password": "pbkdf2_sha256$1200000$S076GS2ylbr09objGHgu3h$U4zQTpS863Vw+w07RfFJnUZPXZP0Z91BUj6Pi/hPc5s=",
    "last_login": null,
    "is_superuser": false,
    "username": "dukhi0999",
    "first_name": "",
    "last_name": "",
    "is_staff": false,
    "date_joined": "2026-04-22T14:10:51.644Z",
    "email": "dukhi0999@gmail.com",
    "is_active": true,
    "created_at": "2026-04-22T14:10:53.612Z",
    "updated_at": "2026-04-22T14:10:53.612Z",
    "groups": [],
    "user_permissions": []
  }
},
{
  "model": "accounts.user",
  "fields": {
    "password": "pbkdf2_sha256$1200000$nZyMD3jXvPymfgLXWFdpZV$+bDVfu3XEkzNxjJNij6+08wkRBipFQb88LeiExhdZLQ=",
    "last_login": null,
    "is_superuser": false,
    "username": "zaidliaqat982",
    "first_name": "Zaid",
    "last_name": "Liaqat",
    "is_staff": false,
    "date_joined": "2026-04-22T14:47:33.565Z",
    "email": "zaidliaqat982@gmail.com",
    "is_active": true,
    "created_at": "2026-04-22T14:47:34.910Z",
    "updated_at": "2026-04-27T12:05:50.751Z",
    "groups": [],
    "user_permissions": []
  }
},
{
  "model": "accounts.user",
  "fields": {
    "password": "pbkdf2_sha256$1200000$LTxbMdoZXUOfythwkdFEYO$jqn8GucZFeS/jHhUJfds+JcnXwEq4J0C2fbOtenFQ+8=",
    "last_login": null,
    "is_superuser": false,
    "username": "testuser",
    "first_name": "Muhammad",
    "last_name": "Shoaib Anwar",
    "is_staff": false,
    "date_joined": "2026-04-27T13:30:04.490Z",
    "email": "test@gmail.com",
    "is_active": true,
    "created_at": "2026-04-27T13:30:06.456Z",
    "updated_at": "2026-04-27T13:46:44.505Z",
    "groups": [],
    "user_permissions": []
  }
},
{
  "model": "accounts.user",
  "fields": {
    "password": "!RRhsaF0zzgdO4WvNsKtvWVISh4t9lFBmviCqWNXa",
    "last_login": null,
    "is_superuser": false,
    "username": "Zaid Ali",
    "first_name": "",
    "last_name": "",
    "is_staff": false,
    "date_joined": "2026-04-30T02:48:33.825Z",
    "email": "z46161542@gmail.com",
    "is_active": true,
    "created_at": "2026-04-30T02:48:33.833Z",
    "updated_at": "2026-04-30T02:48:33.871Z",
    "groups": [],
    "user_permissions": []
  }
},
{
  "model": "profiles.profile",
  "pk": 1,
  "fields": {
    "created_at": "2026-04-22T12:44:29.637Z",
    "updated_at": "2026-04-23T05:23:50.560Z",
    "bio": "",
    "profile_image": "",
    "phone": "",
    "address": "",
    "city": "",
    "state": "",
    "zip_code": "",
    "is_agent": false,
    "experience": 0,
    "property_types": "",
    "area": "",
    "license_no": "",
    "average_rating": 0.0
  }
},
{
  "model": "profiles.profile",
  "pk": 2,
  "fields": {
    "created_at": "2026-04-22T14:05:33.249Z",
    "updated_at": "2026-04-27T12:05:19.150Z",
    "bio": "fdfdfvvvvvvvvvvfdf",
    "profile_image": "profiles/sad.jpg",
    "phone": "03076590368",
    "address": "",
    "city": "",
    "state": "",
    "zip_code": "",
    "is_agent": false,
    "experience": 0,
    "property_types": "",
    "area": "",
    "license_no": "",
    "average_rating": 0.0
  }
},
{
  "model": "profiles.profile",
  "pk": 3,
  "fields": {
    "created_at": "2026-04-22T14:10:53.638Z",
    "updated_at": "2026-04-27T12:07:10.593Z",
    "bio": "",
    "profile_image": "",
    "phone": "",
    "address": "",
    "city": "",
    "state": "",
    "zip_code": "",
    "is_agent": true,
    "experience": 0,
    "property_types": "",
    "area": "",
    "license_no": "",
    "average_rating": 1.0
  }
},
{
  "model": "profiles.profile",
  "pk": 4,
  "fields": {
    "created_at": "2026-04-22T14:47:34.941Z",
    "updated_at": "2026-04-27T12:05:50.821Z",
    "bio": "i am agent 47",
    "profile_image": "profiles/default_JTGaCZh.jpg",
    "phone": "03240281184",
    "address": "Lebabnon",
    "city": "Kansas",
    "state": "NY",
    "zip_code": "",
    "is_agent": true,
    "experience": 1,
    "property_types": "Commercial",
    "area": "Arkansas",
    "license_no": "RE-10000",
    "average_rating": 1.0
  }
},
{
  "model": "profiles.profile",
  "pk": 5,
  "fields": {
    "created_at": "2026-04-27T13:30:06.537Z",
    "updated_at": "2026-04-27T13:46:44.684Z",
    "bio": "",
    "profile_image": "profiles/default_o1ws6aQ.jpg",
    "phone": "03114737249",
    "address": "Madina town street no.1 House no.7",
    "city": "HASILPUR",
    "state": "Kansas",
    "zip_code": "",
    "is_agent": true,
    "experience": 1,
    "property_types": "Commercial",
    "area": "Arkansas",
    "license_no": "RE-10000",
    "average_rating": 0.0
  }
},
{
  "model": "profiles.profile",
  "pk": 6,
  "fields": {
    "created_at": "2026-04-30T02:48:33.848Z",
    "updated_at": "2026-04-30T02:48:33.884Z",
    "bio": "",
    "profile_image": "",
    "phone": "",
    "address": "",
    "city": "",
    "state": "",
    "zip_code": "",
    "is_agent": false,
    "experience": 0,
    "property_types": "",
    "area": "",
    "license_no": "",
    "average_rating": 0.0
  }
},
{
  "model": "properties.property",
  "pk": 2,
  "fields": {
    "created_at": "2026-04-22T16:00:08.358Z",
    "updated_at": "2026-04-26T14:18:44.054Z",
    "agent": 4,
    "slug": "test-2",
    "title": "Simple",
    "description": "test 2",
    "price": "999.00",
    "property_type": "residential",
    "status": "sale",
    "address": "Madina town street no.1 House no.7",
    "city": "HASILPUR",
    "state": "Ohio",
    "zip_code": "63000",
    "latitude": null,
    "longitude": null,
    "attributes": {
      "bedrooms": 3,
      "bathrooms": 3
    }
  }
},
{
  "model": "properties.property",
  "pk": 4,
  "fields": {
    "created_at": "2026-04-23T13:54:47.898Z",
    "updated_at": "2026-04-24T08:00:51.469Z",
    "agent": 4,
    "slug": "test3",
    "title": "Test3",
    "description": "ddsdsd",
    "price": "322332.00",
    "property_type": "residential",
    "status": "sale",
    "address": "Street No 3",
    "city": "Hasilpur",
    "state": "NY",
    "zip_code": "63000",
    "latitude": null,
    "longitude": null,
    "attributes": {
      "bedrooms": 100,
      "bathrooms": 100,
      "square_feet": 2313
    }
  }
},
{
  "model": "properties.property",
  "pk": 5,
  "fields": {
    "created_at": "2026-04-24T15:53:36.216Z",
    "updated_at": "2026-04-26T14:18:33.353Z",
    "agent": 4,
    "slug": "test-again",
    "title": "test again",
    "description": "very good propeety",
    "price": "1234.00",
    "property_type": "residential",
    "status": "sale",
    "address": "Street Number 3",
    "city": "Hasilpur",
    "state": "Oklahoma",
    "zip_code": "63000",
    "latitude": null,
    "longitude": null,
    "attributes": {
      "bedrooms": 200,
      "bathrooms": 200,
      "square_feet": 200000
    }
  }
},
{
  "model": "properties.property",
  "pk": 6,
  "fields": {
    "created_at": "2026-04-26T09:05:14.483Z",
    "updated_at": "2026-04-26T09:05:37.992Z",
    "agent": 4,
    "slug": "sample-again",
    "title": "Samp[le again",
    "description": "dsds",
    "price": "234.00",
    "property_type": "residential",
    "status": "sale",
    "address": "2332",
    "city": "2332",
    "state": "323232",
    "zip_code": "3223",
    "latitude": null,
    "longitude": null,
    "attributes": {
      "bedrooms": 22,
      "bathrooms": 22,
      "square_feet": 121,
      "lot_size": 121,
      "year_built": 1111
    }
  }
},
{
  "model": "properties.property",
  "pk": 7,
  "fields": {
    "created_at": "2026-04-26T14:17:22.410Z",
    "updated_at": "2026-04-26T14:18:00.065Z",
    "agent": 4,
    "slug": "house-in-lawrence-kansas",
    "title": "House in Lawrence Kansas",
    "description": "kansas",
    "price": "1233.00",
    "property_type": "residential",
    "status": "sale",
    "address": "Street Number 3",
    "city": "Hasilpur",
    "state": "Kansas",
    "zip_code": "63000",
    "latitude": null,
    "longitude": null,
    "attributes": {
      "bedrooms": 1,
      "bathrooms": 1,
      "lot_size": 1,
      "year_built": 2019
    }
  }
},
{
  "model": "properties.property",
  "pk": 8,
  "fields": {
    "created_at": "2026-04-27T12:13:30.191Z",
    "updated_at": "2026-04-27T12:21:09.781Z",
    "agent": 4,
    "slug": "best-house-ever",
    "title": "Best House Ever",
    "description": "perfect house on planet",
    "price": "10009.00",
    "property_type": "residential",
    "status": "sale",
    "address": "Lost Creek, Colorado",
    "city": "Lost Creek",
    "state": "Colorado",
    "zip_code": "12345",
    "latitude": null,
    "longitude": null,
    "attributes": {
      "bedrooms": 1,
      "bathrooms": 1,
      "square_feet": 1000,
      "lot_size": 1,
      "year_built": 2020
    }
  }
},
{
  "model": "properties.property",
  "pk": 9,
  "fields": {
    "created_at": "2026-04-27T13:24:47.355Z",
    "updated_at": "2026-04-27T13:25:04.098Z",
    "agent": 4,
    "slug": "test",
    "title": "Test",
    "description": "test",
    "price": "1211.00",
    "property_type": "residential",
    "status": "sale",
    "address": "Madina town street no.1 House no.7",
    "city": "HASILPUR",
    "state": "Colorado",
    "zip_code": "63000",
    "latitude": null,
    "longitude": null,
    "attributes": {
      "bedrooms": 1,
      "bathrooms": 1,
      "square_feet": 1010,
      "lot_size": 0.98,
      "year_built": 1010
    }
  }
},
{
  "model": "properties.property",
  "pk": 10,
  "fields": {
    "created_at": "2026-04-27T13:40:37.035Z",
    "updated_at": "2026-04-27T13:41:02.477Z",
    "agent": 5,
    "slug": "test-1",
    "title": "test",
    "description": "test",
    "price": "1212.00",
    "property_type": "residential",
    "status": "sale",
    "address": "Street No 3",
    "city": "Hasilpur",
    "state": "Ohio",
    "zip_code": "63000",
    "latitude": null,
    "longitude": null,
    "attributes": {
      "bedrooms": 1,
      "bathrooms": 1,
      "square_feet": 1111,
      "lot_size": 0.98,
      "year_built": 1111
    }
  }
},
{
  "model": "properties.property",
  "pk": 11,
  "fields": {
    "created_at": "2026-04-28T18:48:59.630Z",
    "updated_at": "2026-04-28T18:49:27.297Z",
    "agent": 4,
    "slug": "test-3",
    "title": "Test",
    "description": "test",
    "price": "10000.00",
    "property_type": "agricultural",
    "status": "sale",
    "address": "Street Number 3",
    "city": "Hasilpur",
    "state": "Ny",
    "zip_code": "63000",
    "latitude": null,
    "longitude": null,
    "attributes": {
      "bedrooms": 1,
      "bathrooms": 1,
      "square_feet": 1,
      "lot_size": 111.1,
      "year_built": 1111
    }
  }
},
{
  "model": "properties.property",
  "pk": 12,
  "fields": {
    "created_at": "2026-04-28T18:53:50.230Z",
    "updated_at": "2026-04-28T18:54:28.841Z",
    "agent": 4,
    "slug": "test-4",
    "title": "test",
    "description": "test",
    "price": "1111.00",
    "property_type": "industrial",
    "status": "sale",
    "address": "Street No 3",
    "city": "Hasilpur",
    "state": "Colorado",
    "zip_code": "63000",
    "latitude": null,
    "longitude": null,
    "attributes": {
      "bedrooms": 1,
      "bathrooms": 1,
      "square_feet": 1107,
      "lot_size": 1,
      "year_built": 1111
    }
  }
},
{
  "model": "properties.propertyimage",
  "pk": 1,
  "fields": {
    "created_at": "2026-04-22T16:00:09.991Z",
    "updated_at": "2026-04-22T16:00:09.991Z",
    "property_ref": 2,
    "image": "properties/2_test-2_None.webp",
    "alt_text": "Test 2 - Image 1",
    "is_primary": false,
    "display_order": 0
  }
},
{
  "model": "properties.propertyimage",
  "pk": 5,
  "fields": {
    "created_at": "2026-04-23T13:56:40.588Z",
    "updated_at": "2026-04-23T13:56:40.588Z",
    "property_ref": 4,
    "image": "properties/property_4_None.webp",
    "alt_text": "Test3 - Image 1",
    "is_primary": false,
    "display_order": 0
  }
},
{
  "model": "properties.propertyimage",
  "pk": 6,
  "fields": {
    "created_at": "2026-04-24T08:00:24.648Z",
    "updated_at": "2026-04-24T08:00:24.648Z",
    "property_ref": 2,
    "image": "properties/property_2_None.png",
    "alt_text": "Simple - Image 1",
    "is_primary": true,
    "display_order": 0
  }
},
{
  "model": "properties.propertyimage",
  "pk": 7,
  "fields": {
    "created_at": "2026-04-24T08:00:51.693Z",
    "updated_at": "2026-04-24T08:00:51.693Z",
    "property_ref": 4,
    "image": "properties/property_4_None_eXVjTUS.webp",
    "alt_text": "Test3 - Image 1",
    "is_primary": true,
    "display_order": 0
  }
},
{
  "model": "properties.propertyimage",
  "pk": 8,
  "fields": {
    "created_at": "2026-04-24T15:53:39.054Z",
    "updated_at": "2026-04-24T15:53:39.054Z",
    "property_ref": 5,
    "image": "properties/property_5_None.webp",
    "alt_text": "test again - Image 1",
    "is_primary": true,
    "display_order": 0
  }
},
{
  "model": "properties.propertyimage",
  "pk": 9,
  "fields": {
    "created_at": "2026-04-26T09:05:16.836Z",
    "updated_at": "2026-04-26T09:05:16.836Z",
    "property_ref": 6,
    "image": "properties/property_6_None.png",
    "alt_text": "Samp[le again - Image 1",
    "is_primary": true,
    "display_order": 0
  }
},
{
  "model": "properties.propertyimage",
  "pk": 10,
  "fields": {
    "created_at": "2026-04-26T14:17:24.529Z",
    "updated_at": "2026-04-26T14:17:24.529Z",
    "property_ref": 7,
    "image": "properties/property_7_None.png",
    "alt_text": "House in Lawrence Kansas - Image 1",
    "is_primary": true,
    "display_order": 0
  }
},
{
  "model": "properties.propertyimage",
  "pk": 11,
  "fields": {
    "created_at": "2026-04-27T12:13:30.491Z",
    "updated_at": "2026-04-27T12:14:53.428Z",
    "property_ref": 8,
    "image": "properties/property_8_None.jpg",
    "alt_text": "Best House Ever - Image 1",
    "is_primary": false,
    "display_order": 0
  }
},
{
  "model": "properties.propertyimage",
  "pk": 16,
  "fields": {
    "created_at": "2026-04-27T12:21:10.186Z",
    "updated_at": "2026-04-27T12:21:10.186Z",
    "property_ref": 8,
    "image": "properties/property_8_None_grm098I.jpg",
    "alt_text": "Best House Ever - Image 1",
    "is_primary": true,
    "display_order": 0
  }
},
{
  "model": "properties.propertyimage",
  "pk": 17,
  "fields": {
    "created_at": "2026-04-27T13:24:47.604Z",
    "updated_at": "2026-04-27T13:24:47.604Z",
    "property_ref": 9,
    "image": "properties/property_9_None.jpg",
    "alt_text": "Test - Image 1",
    "is_primary": true,
    "display_order": 0
  }
},
{
  "model": "properties.propertyimage",
  "pk": 18,
  "fields": {
    "created_at": "2026-04-27T13:40:37.494Z",
    "updated_at": "2026-04-27T13:40:37.494Z",
    "property_ref": 10,
    "image": "properties/property_10_None.jpg",
    "alt_text": "test - Image 1",
    "is_primary": true,
    "display_order": 0
  }
},
{
  "model": "properties.propertyimage",
  "pk": 19,
  "fields": {
    "created_at": "2026-04-28T18:49:02.230Z",
    "updated_at": "2026-04-28T18:49:02.230Z",
    "property_ref": 11,
    "image": "properties/property_11_None.jpg",
    "alt_text": "Test - Image 1",
    "is_primary": true,
    "display_order": 0
  }
},
{
  "model": "properties.propertyimage",
  "pk": 20,
  "fields": {
    "created_at": "2026-04-28T18:53:50.961Z",
    "updated_at": "2026-04-28T18:53:50.961Z",
    "property_ref": 12,
    "image": "properties/property_12_None.jpg",
    "alt_text": "test - Image 1",
    "is_primary": true,
    "display_order": 0
  }
},
{
  "model": "properties.propertyfeature",
  "pk": 24,
  "fields": {
    "property": 4,
    "feature_key": "Geaser",
    "feature_value": "3"
  }
},
{
  "model": "properties.propertyfeature",
  "pk": 25,
  "fields": {
    "property": 4,
    "feature_key": "C",
    "feature_value": "5"
  }
},
{
  "model": "properties.propertyfeature",
  "pk": 31,
  "fields": {
    "property": 6,
    "feature_key": "AC",
    "feature_value": "1000000"
  }
},
{
  "model": "properties.propertyfeature",
  "pk": 33,
  "fields": {
    "property": 7,
    "feature_key": "AC",
    "feature_value": "2"
  }
},
{
  "model": "properties.propertyfeature",
  "pk": 34,
  "fields": {
    "property": 5,
    "feature_key": "AC",
    "feature_value": "5"
  }
},
{
  "model": "properties.propertyfeature",
  "pk": 35,
  "fields": {
    "property": 5,
    "feature_key": "COOLER",
    "feature_value": "1"
  }
},
{
  "model": "properties.propertyfeature",
  "pk": 36,
  "fields": {
    "property": 2,
    "feature_key": "Pool,AC",
    "feature_value": "true"
  }
},
{
  "model": "properties.propertyfeature",
  "pk": 41,
  "fields": {
    "property": 8,
    "feature_key": "AC",
    "feature_value": "1"
  }
},
{
  "model": "reviews.review",
  "pk": 2,
  "fields": {
    "created_at": "2026-04-23T10:34:55.798Z",
    "updated_at": "2026-04-23T15:31:11.887Z",
    "reviewer": [
      "zaidliaqat999@gmail.com"
    ],
    "agent_profile": 4,
    "rating": 1,
    "comment": "good"
  }
},
{
  "model": "reviews.review",
  "pk": 3,
  "fields": {
    "created_at": "2026-04-23T13:55:50.175Z",
    "updated_at": "2026-04-27T12:07:10.570Z",
    "reviewer": [
      "zaidliaqat982@gmail.com"
    ],
    "agent_profile": 3,
    "rating": 1,
    "comment": "hi"
  }
},
{
  "model": "visits.visitrequest",
  "pk": 1,
  "fields": {
    "created_at": "2026-04-23T05:48:43.466Z",
    "updated_at": "2026-04-23T06:00:46.003Z",
    "user": [
      "zaidliaqat999@gmail.com"
    ],
    "property": 2,
    "agent": 4,
    "preferred_date": "2026-04-24",
    "contact_phone": "03240281184",
    "contact_email": "zaidliaqat999@gmail.com",
    "message": "hjhhgfhgh",
    "status": "reviewed",
    "is_reviewed": false
  }
},
{
  "model": "visits.visitrequest",
  "pk": 2,
  "fields": {
    "created_at": "2026-04-23T05:54:14.940Z",
    "updated_at": "2026-04-23T09:44:37.988Z",
    "user": [
      "zaidliaqat999@gmail.com"
    ],
    "property": 2,
    "agent": 4,
    "preferred_date": "2026-04-23",
    "contact_phone": "03240281184",
    "contact_email": "zaidliaqat999@gmail.com",
    "message": "fatssssss",
    "status": "completed",
    "is_reviewed": false
  }
},
{
  "model": "visits.visitrequest",
  "pk": 3,
  "fields": {
    "created_at": "2026-04-23T10:29:48.030Z",
    "updated_at": "2026-04-23T11:47:48.629Z",
    "user": [
      "zaidliaqat999@gmail.com"
    ],
    "property": 2,
    "agent": 4,
    "preferred_date": "2026-04-25",
    "contact_phone": "03240281184",
    "contact_email": "dukhi0999@gmail.com",
    "message": "dfsdsd",
    "status": "completed",
    "is_reviewed": false
  }
},
{
  "model": "visits.visitrequest",
  "pk": 4,
  "fields": {
    "created_at": "2026-04-24T03:16:06.903Z",
    "updated_at": "2026-04-24T03:16:38.547Z",
    "user": [
      "zaidliaqat999@gmail.com"
    ],
    "property": 4,
    "agent": 4,
    "preferred_date": "2026-04-25",
    "contact_phone": "03114767890",
    "contact_email": "zaidliaqat999@gmail.com",
    "message": "fast",
    "status": "completed",
    "is_reviewed": false
  }
},
{
  "model": "visits.visitrequest",
  "pk": 5,
  "fields": {
    "created_at": "2026-04-24T15:45:11.140Z",
    "updated_at": "2026-04-24T15:48:39.616Z",
    "user": [
      "zaidliaqat999@gmail.com"
    ],
    "property": 4,
    "agent": 4,
    "preferred_date": "2026-04-28",
    "contact_phone": "02988399823892",
    "contact_email": "zaidliaqat999@gmail.com",
    "message": "eewe",
    "status": "completed",
    "is_reviewed": false
  }
},
{
  "model": "visits.visitrequest",
  "pk": 6,
  "fields": {
    "created_at": "2026-04-26T08:59:22.096Z",
    "updated_at": "2026-04-26T14:09:12.859Z",
    "user": [
      "zaidliaqat999@gmail.com"
    ],
    "property": 2,
    "agent": 4,
    "preferred_date": "2026-04-27",
    "contact_phone": "03245566912",
    "contact_email": "test@gmail.com",
    "message": "fdd",
    "status": "completed",
    "is_reviewed": false
  }
},
{
  "model": "visits.visitrequest",
  "pk": 7,
  "fields": {
    "created_at": "2026-04-27T04:39:18.816Z",
    "updated_at": "2026-04-27T04:39:18.818Z",
    "user": [
      "zaidliaqat999@gmail.com"
    ],
    "property": 5,
    "agent": 4,
    "preferred_date": "2026-04-28",
    "contact_phone": "03114737249",
    "contact_email": "zaidliaqat999@gmail.com",
    "message": "ewewe",
    "status": "pending",
    "is_reviewed": false
  }
},
{
  "model": "visits.visitrequest",
  "pk": 8,
  "fields": {
    "created_at": "2026-04-27T12:51:09.026Z",
    "updated_at": "2026-04-27T12:51:09.029Z",
    "user": [
      "zaidliaqat999@gmail.com"
    ],
    "property": 8,
    "agent": 4,
    "preferred_date": "2026-04-27",
    "contact_phone": "03240281184",
    "contact_email": "john@test.com",
    "message": "urgent",
    "status": "pending",
    "is_reviewed": false
  }
},
{
  "model": "common.blacklistedtoken",
  "pk": 1,
  "fields": {
    "jti": "51b51fe694634dd9aae8dfd433ead604",
    "token_type": "access",
    "blacklisted_at": "2026-04-22T12:56:20.793Z",
    "expires_at": "2026-04-22T13:56:20.791Z"
  }
},
{
  "model": "common.blacklistedtoken",
  "pk": 2,
  "fields": {
    "jti": "07aace697cba439aa9bbc71b42d56e13",
    "token_type": "refresh",
    "blacklisted_at": "2026-04-22T12:56:20.809Z",
    "expires_at": "2026-04-29T12:56:20.791Z"
  }
},
{
  "model": "common.blacklistedtoken",
  "pk": 3,
  "fields": {
    "jti": "3dde042ddbbb49ee93616cc5807462c6",
    "token_type": "access",
    "blacklisted_at": "2026-04-22T12:56:46.810Z",
    "expires_at": "2026-04-22T13:56:46.808Z"
  }
},
{
  "model": "common.blacklistedtoken",
  "pk": 4,
  "fields": {
    "jti": "6e954da7f3ef49dcb5265e6ee7c63c5e",
    "token_type": "refresh",
    "blacklisted_at": "2026-04-22T12:56:46.821Z",
    "expires_at": "2026-04-29T12:56:46.808Z"
  }
},
{
  "model": "common.blacklistedtoken",
  "pk": 5,
  "fields": {
    "jti": "ab21767f965544c9b0a2f9ff5dc82af4",
    "token_type": "access",
    "blacklisted_at": "2026-04-22T12:58:02.432Z",
    "expires_at": "2026-04-22T13:58:02.431Z"
  }
},
{
  "model": "common.blacklistedtoken",
  "pk": 6,
  "fields": {
    "jti": "bf0af4abc6964b45abbc99738a0820b5",
    "token_type": "refresh",
    "blacklisted_at": "2026-04-22T12:58:02.445Z",
    "expires_at": "2026-04-29T12:58:02.431Z"
  }
},
{
  "model": "common.blacklistedtoken",
  "pk": 7,
  "fields": {
    "jti": "8f2bd061153e4384b75ae1b054af387a",
    "token_type": "access",
    "blacklisted_at": "2026-04-22T12:58:18.022Z",
    "expires_at": "2026-04-22T13:58:18.021Z"
  }
},
{
  "model": "common.blacklistedtoken",
  "pk": 8,
  "fields": {
    "jti": "4c812b1a9c514bca9485428c3735bd45",
    "token_type": "refresh",
    "blacklisted_at": "2026-04-22T12:58:18.056Z",
    "expires_at": "2026-04-29T12:58:18.021Z"
  }
},
{
  "model": "common.blacklistedtoken",
  "pk": 9,
  "fields": {
    "jti": "dbb4f9dcdba74d578991963bf3696f87",
    "token_type": "access",
    "blacklisted_at": "2026-04-22T12:58:46.085Z",
    "expires_at": "2026-04-22T13:58:46.083Z"
  }
},
{
  "model": "common.blacklistedtoken",
  "pk": 10,
  "fields": {
    "jti": "d1a31c2f964949a6b51f8f7404e33304",
    "token_type": "refresh",
    "blacklisted_at": "2026-04-22T12:58:46.100Z",
    "expires_at": "2026-04-29T12:58:46.083Z"
  }
},
{
  "model": "common.blacklistedtoken",
  "pk": 11,
  "fields": {
    "jti": "d563f67be7cd492fa3ab10910d743d59",
    "token_type": "access",
    "blacklisted_at": "2026-04-22T12:59:13.242Z",
    "expires_at": "2026-04-22T13:59:13.241Z"
  }
},
{
  "model": "common.blacklistedtoken",
  "pk": 12,
  "fields": {
    "jti": "f08e1a5339de4f6ca40246d982746e6f",
    "token_type": "refresh",
    "blacklisted_at": "2026-04-22T12:59:13.258Z",
    "expires_at": "2026-04-29T12:59:13.241Z"
  }
},
{
  "model": "common.blacklistedtoken",
  "pk": 13,
  "fields": {
    "jti": "f88ce0146393482fab0552aee8640b06",
    "token_type": "access",
    "blacklisted_at": "2026-04-22T12:59:26.183Z",
    "expires_at": "2026-04-22T13:59:26.182Z"
  }
},
{
  "model": "common.blacklistedtoken",
  "pk": 14,
  "fields": {
    "jti": "14ae7ba51bac4f8082c410714195c3ee",
    "token_type": "refresh",
    "blacklisted_at": "2026-04-22T12:59:26.195Z",
    "expires_at": "2026-04-29T12:59:26.182Z"
  }
},
{
  "model": "common.blacklistedtoken",
  "pk": 15,
  "fields": {
    "jti": "d5044a5bcf7446c9bc4ce7af82c5841d",
    "token_type": "access",
    "blacklisted_at": "2026-04-22T12:59:45.407Z",
    "expires_at": "2026-04-22T13:59:45.406Z"
  }
},
{
  "model": "common.blacklistedtoken",
  "pk": 16,
  "fields": {
    "jti": "297fce9f6b4b409a8e2107440fad80e2",
    "token_type": "refresh",
    "blacklisted_at": "2026-04-22T12:59:45.433Z",
    "expires_at": "2026-04-29T12:59:45.406Z"
  }
},
{
  "model": "common.blacklistedtoken",
  "pk": 17,
  "fields": {
    "jti": "57cb6e771b0b4f4c95efa7c0cf75c08b",
    "token_type": "access",
    "blacklisted_at": "2026-04-22T13:01:30.406Z",
    "expires_at": "2026-04-22T14:01:30.405Z"
  }
},
{
  "model": "common.blacklistedtoken",
  "pk": 18,
  "fields": {
    "jti": "6167f2b93317450eb140395c7156a34d",
    "token_type": "refresh",
    "blacklisted_at": "2026-04-22T13:01:30.418Z",
    "expires_at": "2026-04-29T13:01:30.405Z"
  }
},
{
  "model": "common.blacklistedtoken",
  "pk": 19,
  "fields": {
    "jti": "cb5bc2e68f5a43a1bc61effdf0028cc2",
    "token_type": "access",
    "blacklisted_at": "2026-04-22T13:01:32.265Z",
    "expires_at": "2026-04-22T14:01:32.264Z"
  }
},
{
  "model": "common.blacklistedtoken",
  "pk": 20,
  "fields": {
    "jti": "2431b08279dd413e8cfa755b91c8a4f2",
    "token_type": "refresh",
    "blacklisted_at": "2026-04-22T13:01:32.280Z",
    "expires_at": "2026-04-29T13:01:32.264Z"
  }
},
{
  "model": "common.blacklistedtoken",
  "pk": 21,
  "fields": {
    "jti": "ba8bcd894ffd4085acbf418b41ccd7af",
    "token_type": "access",
    "blacklisted_at": "2026-04-22T13:02:00.527Z",
    "expires_at": "2026-04-22T14:02:00.526Z"
  }
},
{
  "model": "common.blacklistedtoken",
  "pk": 22,
  "fields": {
    "jti": "80ba6da6a7384109bd53b6e4036da5e7",
    "token_type": "refresh",
    "blacklisted_at": "2026-04-22T13:02:00.565Z",
    "expires_at": "2026-04-29T13:02:00.526Z"
  }
},
{
  "model": "common.blacklistedtoken",
  "pk": 23,
  "fields": {
    "jti": "e647d8172c14473a94f4573d1f1bb51b",
    "token_type": "access",
    "blacklisted_at": "2026-04-22T13:02:02.514Z",
    "expires_at": "2026-04-22T14:02:02.513Z"
  }
},
{
  "model": "common.blacklistedtoken",
  "pk": 24,
  "fields": {
    "jti": "b19894bc3918489ba9fae8b634a206a2",
    "token_type": "refresh",
    "blacklisted_at": "2026-04-22T13:02:02.525Z",
    "expires_at": "2026-04-29T13:02:02.513Z"
  }
},
{
  "model": "common.blacklistedtoken",
  "pk": 25,
  "fields": {
    "jti": "139397cc7a57412f907b173013ded6c8",
    "token_type": "access",
    "blacklisted_at": "2026-04-22T13:03:05.219Z",
    "expires_at": "2026-04-22T14:03:05.218Z"
  }
},
{
  "model": "common.blacklistedtoken",
  "pk": 26,
  "fields": {
    "jti": "07976b5a43884a759928e9e1562451ed",
    "token_type": "refresh",
    "blacklisted_at": "2026-04-22T13:03:05.235Z",
    "expires_at": "2026-04-29T13:03:05.218Z"
  }
},
{
  "model": "common.blacklistedtoken",
  "pk": 27,
  "fields": {
    "jti": "6a99066027df45948832b9c9c835e1d9",
    "token_type": "access",
    "blacklisted_at": "2026-04-22T13:03:07.086Z",
    "expires_at": "2026-04-22T14:03:07.085Z"
  }
},
{
  "model": "common.blacklistedtoken",
  "pk": 28,
  "fields": {
    "jti": "d812f11e0d584b54b4223b646084745c",
    "token_type": "refresh",
    "blacklisted_at": "2026-04-22T13:03:07.097Z",
    "expires_at": "2026-04-29T13:03:07.085Z"
  }
},
{
  "model": "common.blacklistedtoken",
  "pk": 29,
  "fields": {
    "jti": "e0073faa0ff042d68171f66fef7b6239",
    "token_type": "access",
    "blacklisted_at": "2026-04-22T13:05:32.412Z",
    "expires_at": "2026-04-22T14:05:32.410Z"
  }
},
{
  "model": "common.blacklistedtoken",
  "pk": 30,
  "fields": {
    "jti": "829456cc89454fa89bbf4e7e8583c3c2",
    "token_type": "refresh",
    "blacklisted_at": "2026-04-22T13:05:32.428Z",
    "expires_at": "2026-04-29T13:05:32.410Z"
  }
}
]
